,Inning,TopBottom,1B,2B,3B,Score,Outs,P,b1,b2,b3,WE_0,avg_runs,avg_wins,WPA,Scenario
409,8,Top,1,0,0,1,0,L,R,R,R,0.664,0.9051001,0.710194,0.046194,1000RRR8L
398,9,Top,0,1,1,1,1,L,R,R,R,0.552,1.5356679,0.4782025,-0.0737975,0111RRR9L
474,8,Top,1,1,0,1,2,L,R,R,L,0.766,0.49730515,0.834097,0.068097,1102RRL8L
526,8,Top,0,1,1,1,2,L,R,L,R,0.718,0.6128543,0.7757475,0.0577475,0112RLR8L
388,9,Top,1,0,1,1,0,L,R,R,R,0.462,1.8294034,0.4290575,-0.0329425,1010RRR9L
385,9,Top,1,0,0,1,0,L,R,R,R,0.725,0.8797205,0.7182715,-0.0067285,1000RRR9L
458,8,Top,1,1,0,1,0,L,R,R,L,0.534,1.4745788,0.5495415,0.0155415,1100RRL8L
420,8,Top,1,0,1,1,1,L,R,R,R,0.586,1.15055755,0.6241175,0.0381175,1011RRR8L
459,8,Top,1,1,1,1,0,L,R,R,L,0.371,2.44086715,0.296037,-0.074963,1110RRL8L
475,8,Top,1,1,1,1,2,L,R,R,L,0.691,0.77389765,0.751147,0.060147,1112RRL8L
470,8,Top,0,1,1,1,1,L,R,R,L,0.534,1.4500371,0.496358,-0.037642,0111RRL8L
347,9,Top,1,1,1,1,1,R,L,L,R,0.537,1.57060875,0.52115,-0.01585,1111LLR9R
397,9,Top,0,1,0,1,1,L,R,R,R,0.773,0.70177355,0.759582,-0.013418,0101RRR9L
390,9,Top,0,1,1,1,0,L,R,R,R,0.39,2.2121338,0.278208,-0.111792,0110RRR9L
362,8,Top,1,1,0,1,0,R,L,L,R,0.534,1.46682445,0.5528965,0.0188965,1100LLR8R
539,9,Top,1,1,1,1,1,L,R,L,L,0.537,1.5056457,0.533002,-0.003998,1111RLL9L
444,9,Top,1,0,1,1,1,L,R,R,L,0.62,1.14153205,0.6257075,0.0057075,1011RRL9L
468,8,Top,1,0,1,1,1,L,R,R,L,0.586,1.1391724,0.6269595,0.0409595,1011RRL8L
391,9,Top,0,0,1,1,0,L,R,R,R,0.559,1.4505928,0.5149705,-0.0440295,0010RRR9L
467,8,Top,1,1,1,1,1,L,R,R,L,0.516,1.5358113,0.537166,0.021166,1111RRL8L
602,8,Top,1,1,0,1,0,L,L,R,R,0.534,1.4448976,0.561117,0.027117,1100LRR8L
500,9,Top,1,0,1,1,2,L,R,L,R,0.833,0.4507827,0.848409,0.015409,1012RLR9L
466,8,Top,1,1,0,1,1,L,R,R,L,0.655,0.86224175,0.722967,0.067967,1101RRL8L
446,9,Top,0,1,1,1,1,L,R,R,L,0.552,1.46763125,0.4974315,-0.0545685,0111RRL9L
411,8,Top,1,1,1,1,0,L,R,R,R,0.371,2.4627573,0.290454,-0.080546,1110RRR8L
412,8,Top,1,0,1,1,0,L,R,R,R,0.462,1.75714295,0.4493285,-0.0126715,1010RRR8L
507,8,Top,1,1,1,1,0,L,R,L,R,0.371,2.44141935,0.298173,-0.072827,1110RLR8L
422,8,Top,0,1,1,1,1,L,R,R,R,0.534,1.4807485,0.4947305,-0.0392695,0111RRR8L
299,9,Top,1,1,1,1,1,R,L,L,L,0.537,1.5334349,0.534899,-0.002101,1111LLL9R
469,8,Top,0,1,0,1,1,L,R,R,L,0.702,0.6717959,0.770567,0.068567,0101RRL8L
298,9,Top,1,1,0,1,1,R,L,L,L,0.715,0.8302955,0.7348495,0.0198495,1101LLL9R
389,9,Top,0,1,0,1,0,L,R,R,R,0.644,1.24365435,0.591518,-0.052482,0100RRR9L
437,9,Top,0,1,0,1,0,L,R,R,L,0.644,1.23304105,0.593004,-0.050996,0100RRL9L
410,8,Top,1,1,0,1,0,L,R,R,R,0.534,1.45642695,0.5597065,0.0257065,1100RRR8L
443,9,Top,1,1,1,1,1,L,R,R,L,0.537,1.51004855,0.539694,0.002694,1111RRL9L
515,8,Top,1,1,1,1,1,L,R,L,R,0.516,1.5418946,0.533209,0.017209,1111RLR8L
371,8,Top,1,1,1,1,1,R,L,L,R,0.516,1.53259665,0.5315205,0.0155205,1111LLR8R
483,9,Top,1,1,1,1,0,L,R,L,R,0.356,2.40012875,0.3032305,-0.0527695,1110RLR9L
406,9,Top,0,1,1,1,2,L,R,R,R,0.793,0.5857448,0.787801,-0.005199,0112RRR9L
413,8,Top,0,1,0,1,0,L,R,R,R,0.605,1.2183418,0.5984635,-0.0065365,0100RRR8L
393,9,Top,1,0,0,1,1,L,R,R,R,0.829,0.51714935,0.82777,-0.00123,1001RRR9L
436,9,Top,1,0,1,1,0,L,R,R,L,0.462,1.78119475,0.4434905,-0.0185095,1010RRL9L
403,9,Top,1,1,1,1,2,L,R,R,R,0.762,0.76796365,0.752339,-0.009661,1112RRR9L
428,8,Top,1,0,1,1,2,L,R,R,R,0.746,0.45821285,0.846856,0.100856,1012RRR8L
324,8,Top,1,0,1,1,1,R,L,L,L,0.586,1.11400265,0.6345415,0.0485415,1011LLL8R
323,8,Top,1,1,1,1,1,R,L,L,L,0.516,1.567065,0.527743,0.011743,1111LLL8R
451,9,Top,1,1,1,1,2,L,R,R,L,0.762,0.76248245,0.756285,-0.005715,1112RRL9L
563,8,Top,1,1,1,1,1,L,R,L,L,0.516,1.53114475,0.5302,0.0142,1111RLL8L
418,8,Top,1,1,0,1,1,L,R,R,R,0.655,0.8995782,0.7130455,0.0580455,1101RRR8L
275,8,Top,1,1,1,1,1,R,L,R,L,0.516,1.5029301,0.5402215,0.0242215,1111LRL8R
417,8,Top,1,0,0,1,1,L,R,R,R,0.744,0.4818569,0.836248,0.092248,1001RRR8L
493,9,Top,0,1,0,1,1,L,R,L,R,0.773,0.67439265,0.7699085,-0.0030915,0101RLR9L
384,9,Top,0,0,0,1,0,L,R,R,R,0.841,0.52137795,0.834246,-0.006754,0000RRR9L
478,8,Top,0,1,1,1,2,L,R,R,L,0.718,0.5910328,0.7858625,0.0678625,0112RRL8L
399,9,Top,0,0,1,1,1,L,R,R,R,0.677,1.0347633,0.637506,-0.039494,0011RRR9L
387,9,Top,1,1,1,1,0,L,R,R,R,0.356,2.42881025,0.3010815,-0.0549185,1110RRR9L
415,8,Top,0,0,1,1,0,L,R,R,R,0.542,1.4392926,0.518108,-0.023892,0010RRR8L
454,9,Top,0,1,1,1,2,L,R,R,L,0.793,0.6118794,0.780209,-0.012791,0112RRL9L
485,9,Top,0,1,0,1,0,L,R,L,R,0.644,1.20320805,0.60017,-0.04383,0100RLR9L
426,8,Top,1,1,0,1,2,L,R,R,R,0.766,0.43273805,0.853534,0.087534,1102RRR8L
499,9,Top,1,1,1,1,2,L,R,L,R,0.762,0.7430527,0.759139,-0.002861,1112RLR9L
547,9,Top,1,1,1,1,2,L,R,L,L,0.762,0.710693,0.766135,0.004135,1112RLL9L
386,9,Top,1,1,0,1,0,L,R,R,R,0.559,1.4533778,0.5602765,0.0012765,1100RRR9L
513,8,Top,1,0,0,1,1,L,R,L,R,0.744,0.4939872,0.8341145,0.0901145,1001RLR8L
434,9,Top,1,1,0,1,0,L,R,R,L,0.559,1.47575475,0.5516865,-0.0073135,1100RRL9L
268,8,Top,1,0,1,1,0,R,L,R,L,0.462,1.73515335,0.451544,-0.010456,1010LRL8R
463,8,Top,0,0,1,1,0,L,R,R,L,0.542,1.42667475,0.5202575,-0.0217425,0010RRL8L
522,8,Top,1,1,0,1,2,L,R,L,R,0.766,0.4620204,0.8440595,0.0780595,1102RLR8L
573,8,Top,0,1,0,1,2,L,R,L,L,0.788,0.33592295,0.871234,0.083234,0102RLL8L
505,8,Top,1,0,0,1,0,L,R,L,R,0.664,0.853427,0.7286725,0.0646725,1000RLR8L
303,9,Top,0,0,1,1,1,R,L,L,L,0.677,1.02486305,0.6402705,-0.0367295,0011LLL9R
654,8,Top,0,1,1,1,0,L,L,R,L,0.409,2.1624015,0.292584,-0.116416,0110LRL8L
494,9,Top,0,1,1,1,1,L,R,L,R,0.552,1.451164,0.5007665,-0.0512335,0111RLR9L
447,9,Top,0,0,1,1,1,L,R,R,L,0.677,1.06825275,0.6255825,-0.0514175,0011RRL9L
395,9,Top,1,1,1,1,1,L,R,R,R,0.537,1.549538,0.537409,0.000409,1111RRR9L
427,8,Top,1,1,1,1,2,L,R,R,R,0.691,0.75053245,0.7575795,0.0665795,1112RRR8L
414,8,Top,0,1,1,1,0,L,R,R,R,0.409,2.17671315,0.280259,-0.128741,0110RRR8L
331,8,Top,1,1,1,1,2,R,L,L,L,0.691,0.73975355,0.7608235,0.0698235,1112LLL8R
421,8,Top,0,1,0,1,1,L,R,R,R,0.702,0.68356385,0.7667115,0.0647115,0101RRR8L
431,8,Top,0,0,1,1,2,L,R,R,R,0.773,0.33141605,0.88,0.107,0012RRR8L
392,9,Top,0,0,0,1,1,L,R,R,R,0.912,0.28312245,0.904487,-0.007513,0001RRR9L
419,8,Top,1,1,1,1,1,L,R,R,R,0.516,1.5327303,0.542862,0.026862,1111RRR8L
363,8,Top,1,1,1,1,0,R,L,L,R,0.371,2.3598398,0.3094905,-0.0615095,1110LLR8R
662,8,Top,0,1,1,1,1,L,L,R,L,0.534,1.42321525,0.5079295,-0.0260705,0111LRL8L
502,9,Top,0,1,1,1,2,L,R,L,R,0.793,0.5742027,0.793975,0.000975,0112RLR9L
442,9,Top,1,1,0,1,1,L,R,R,L,0.715,0.8608168,0.7259225,0.0109225,1101RRL9L
566,8,Top,0,1,1,1,1,L,R,L,L,0.534,1.45111935,0.500269,-0.033731,0111RLL8L
423,8,Top,0,0,1,1,1,L,R,R,R,0.632,1.02545335,0.6393315,0.0073315,0011RRR8L
465,8,Top,1,0,0,1,1,L,R,R,L,0.744,0.4922885,0.833613,0.089613,1001RRL8L
402,9,Top,1,1,0,1,2,L,R,R,R,0.859,0.4582894,0.848833,-0.010167,1102RRR9L
228,8,Top,1,0,1,1,1,R,L,R,R,0.586,1.08913275,0.637135,0.051135,1011LRR8R
286,8,Top,0,1,1,1,2,R,L,R,L,0.718,0.57225425,0.787717,0.069717,0112LRL8R
606,8,Top,0,1,1,1,0,L,L,R,R,0.409,2.15692095,0.2937385,-0.1152615,0110LRR8L
292,9,Top,1,0,1,1,0,R,L,L,L,0.462,1.7234545,0.4593765,-0.0026235,1010LLL9R
289,9,Top,1,0,0,1,0,R,L,L,L,0.725,0.8121018,0.740923,0.015923,1000LLL9R
576,9,Top,0,0,0,1,0,L,L,R,R,0.841,0.4912895,0.8430675,0.0020675,0000LRR9L
235,8,Top,1,1,1,1,2,R,L,R,R,0.691,0.75662495,0.751247,0.060247,1112LRR8R
484,9,Top,1,0,1,1,0,L,R,L,R,0.462,1.7193357,0.454414,-0.007586,1010RLR9L
396,9,Top,1,0,1,1,1,L,R,R,R,0.62,1.10130145,0.638952,0.018952,1011RRR9L
339,9,Top,1,1,1,1,0,R,L,L,R,0.356,2.3880454,0.301562,-0.054438,1110LLR9R
491,9,Top,1,1,1,1,1,L,R,L,R,0.537,1.522132,0.534203,-0.002797,1111RLR9L
645,9,Top,0,1,0,1,2,L,L,R,L,0.887,0.34357355,0.8775355,-0.0094645,0102LRL9L
407,9,Top,0,0,1,1,2,L,R,R,R,0.867,0.3377074,0.879855,0.012855,0012RRR9L
322,8,Top,1,1,0,1,1,R,L,L,L,0.655,0.87186065,0.7228735,0.0678735,1101LLL8R
319,8,Top,0,0,1,1,0,R,L,L,L,0.542,1.4120386,0.5253135,-0.0166865,0010LLL8R
450,9,Top,1,1,0,1,2,L,R,R,L,0.859,0.4403764,0.850407,-0.008593,1102RRL9L
557,8,Top,0,1,0,1,0,L,R,L,L,0.605,1.21566715,0.5987065,-0.0062935,0100RLL8L
293,9,Top,0,1,0,1,0,R,L,L,L,0.644,1.20691755,0.6014725,-0.0425275,0100LLL9R
283,8,Top,1,1,1,1,2,R,L,R,L,0.691,0.71719845,0.757994,0.066994,1112LRL8R
477,8,Top,0,1,0,1,2,L,R,R,L,0.788,0.3455882,0.8704045,0.0824045,0102RRL8L
598,9,Top,0,1,1,1,2,L,L,R,R,0.793,0.5546543,0.800244,0.007244,0112LRR9L
348,9,Top,1,0,1,1,1,R,L,L,R,0.62,1.06504625,0.645764,0.025764,1011LLR9R
316,8,Top,1,0,1,1,0,R,L,L,L,0.462,1.73985505,0.4553375,-0.0066625,1010LLL8R
295,9,Top,0,0,1,1,0,R,L,L,L,0.559,1.4193529,0.5249515,-0.0340485,0010LLL9R
300,9,Top,1,0,1,1,1,R,L,L,L,0.62,1.07823955,0.6436215,0.0236215,1011LLL9R
473,8,Top,1,0,0,1,2,L,R,R,L,0.816,0.212033,0.9214855,0.1054855,1002RRL8L
281,8,Top,1,0,0,1,2,R,L,R,L,0.816,0.16885665,0.9244055,0.1084055,1002LRL8R
460,8,Top,1,0,1,1,0,L,R,R,L,0.462,1.77071525,0.4421595,-0.0198405,1010RRL8L
546,9,Top,1,1,0,1,2,L,R,L,L,0.859,0.47163885,0.839506,-0.019494,1102RLL9L
276,8,Top,1,0,1,1,1,R,L,R,L,0.586,1.07146165,0.6461635,0.0601635,1011LRL8R
377,8,Top,1,0,0,1,2,R,L,L,R,0.816,0.2263451,0.920552,0.104552,1002LLR8R
264,8,Top,0,0,0,1,0,R,L,R,L,0.753,0.467135,0.849252,0.096252,0000LRL8R
353,9,Top,1,0,0,1,2,R,L,L,R,0.924,0.20140995,0.929204,0.005204,1002LLR9R
440,9,Top,0,0,0,1,1,L,R,R,L,0.912,0.26287425,0.911316,-0.000684,0001RRL9L
212,9,Top,1,0,1,1,2,R,L,R,R,0.833,0.4144867,0.860117,0.027117,1012LRR9R
455,9,Top,0,0,1,1,2,L,R,R,L,0.867,0.3474778,0.87464,0.00764,0012RRL9L
321,8,Top,1,0,0,1,1,R,L,L,L,0.744,0.4666392,0.8431415,0.0991415,1001LLL8R
481,9,Top,1,0,0,1,0,L,R,L,R,0.725,0.81699295,0.738626,0.013626,1000RLR9L
530,9,Top,1,1,0,1,0,L,R,L,L,0.559,1.4342213,0.564319,0.005319,1100RLL9L
404,9,Top,1,0,1,1,2,L,R,R,R,0.833,0.43491045,0.854482,0.021482,1012RRR9L
453,9,Top,0,1,0,1,2,L,R,R,L,0.887,0.34314305,0.8777475,-0.0092525,0102RRL9L
605,8,Top,0,1,0,1,0,L,L,R,R,0.605,1.17792845,0.6114995,0.0064995,0100LRR8L
227,8,Top,1,1,1,1,1,R,L,R,R,0.516,1.5026055,0.54105,0.02505,1111LRR8R
259,9,Top,1,1,1,1,2,R,L,R,L,0.762,0.6835858,0.778734,0.016734,1112LRL9R
577,9,Top,1,0,0,1,0,L,L,R,R,0.725,0.81727575,0.7399115,0.0149115,1000LRR9L
498,9,Top,1,1,0,1,2,L,R,L,R,0.859,0.4446521,0.850342,-0.008658,1102RLR9L
313,8,Top,1,0,0,1,0,R,L,L,L,0.664,0.80733875,0.743142,0.079142,1000LLL8R
511,8,Top,0,0,1,1,0,L,R,L,R,0.542,1.4163448,0.5227205,-0.0192795,0010RLR8L
551,9,Top,0,0,1,1,2,L,R,L,L,0.867,0.331462,0.881217,0.014217,0012RLL9L
603,8,Top,1,1,1,1,0,L,L,R,R,0.371,2.37698955,0.3123855,-0.0586145,1110LRR8L
338,9,Top,1,1,0,1,0,R,L,L,R,0.559,1.3844969,0.574147,0.015147,1100LLR9R
578,9,Top,1,1,0,1,0,L,L,R,R,0.559,1.39723765,0.5704715,0.0114715,1100LRR9L
326,8,Top,0,1,1,1,1,R,L,L,L,0.534,1.4021738,0.5130065,-0.0209935,0111LLL8R
346,9,Top,1,1,0,1,1,R,L,L,R,0.715,0.8222436,0.736018,0.021018,1101LLR9R
657,8,Top,1,0,0,1,1,L,L,R,L,0.744,0.4771047,0.8392465,0.0952465,1001LRL8L
312,8,Top,0,0,0,1,0,R,L,L,L,0.753,0.47154975,0.8487155,0.0957155,0000LLL8R
333,8,Top,0,1,0,1,2,R,L,L,L,0.788,0.3132837,0.881051,0.093051,0102LLL8R
548,9,Top,1,0,1,1,2,L,R,L,L,0.833,0.42835465,0.856585,0.023585,1012RLL9L
301,9,Top,0,1,0,1,1,R,L,L,L,0.773,0.63911705,0.781675,0.008675,0101LLL9R
435,9,Top,1,1,1,1,0,L,R,R,L,0.356,2.3326866,0.318149,-0.037851,1110RRL9L
201,9,Top,1,0,0,1,1,R,L,R,R,0.829,0.46217215,0.842923,0.013923,1001LRR9R
416,8,Top,0,0,0,1,1,L,R,R,R,0.806,0.26994655,0.9087625,0.1027625,0001RRR8L
369,8,Top,1,0,0,1,1,R,L,L,R,0.744,0.47836325,0.8399095,0.0959095,1001LLR8R
315,8,Top,1,1,1,1,0,R,L,L,L,0.371,2.29077995,0.32331,-0.04769,1110LLL8R
609,8,Top,1,0,0,1,1,L,L,R,R,0.744,0.47068925,0.8431975,0.0991975,1001LRR8L
211,9,Top,1,1,1,1,2,R,L,R,R,0.762,0.73266065,0.764606,0.002606,1112LRR9R
438,9,Top,0,1,1,1,0,L,R,R,L,0.39,2.15300205,0.2924965,-0.0975035,0110RRL9L
554,8,Top,1,1,0,1,0,L,R,L,L,0.534,1.4271548,0.5595335,0.0255335,1100RLL8L
555,8,Top,1,1,1,1,0,L,R,L,L,0.371,2.37904375,0.303623,-0.067377,1110RLL8L
345,9,Top,1,0,0,1,1,R,L,L,R,0.829,0.44234305,0.850242,0.021242,1001LLR9R
574,8,Top,0,1,1,1,2,L,R,L,L,0.718,0.5739288,0.791639,0.073639,0112RLL8L
471,8,Top,0,0,1,1,1,L,R,R,L,0.632,1.03537885,0.6370615,0.0050615,0011RRL8L
517,8,Top,0,1,0,1,1,L,R,L,R,0.702,0.6542051,0.7755745,0.0735745,0101RLR8L
457,8,Top,1,0,0,1,0,L,R,R,L,0.664,0.8537718,0.729757,0.065757,1000RRL8L
430,8,Top,0,1,1,1,2,L,R,R,R,0.718,0.5714689,0.7958545,0.0778545,0112RRR8L
236,8,Top,1,0,1,1,2,R,L,R,R,0.746,0.3959966,0.8631595,0.1171595,1012LRR8R
589,9,Top,0,1,0,1,1,L,L,R,R,0.773,0.62975365,0.782342,0.009342,0101LRR9L
480,9,Top,0,0,0,1,0,L,R,L,R,0.841,0.49922175,0.840435,-0.000565,0000RLR9L
405,9,Top,0,1,0,1,2,L,R,R,R,0.887,0.32438685,0.8847935,-0.0022065,0102RRR9L
302,9,Top,0,1,1,1,1,R,L,L,L,0.552,1.41524115,0.5149545,-0.0370455,0111LLL9R
516,8,Top,1,0,1,1,1,L,R,L,R,0.586,1.06229905,0.647083,0.061083,1011RLR8L
582,9,Top,0,1,1,1,0,L,L,R,R,0.39,2.14467665,0.2957795,-0.0942205,0110LRR9L
258,9,Top,1,1,0,1,2,R,L,R,L,0.859,0.41896075,0.857812,-0.001188,1102LRL9R
627,9,Top,1,1,1,1,0,L,L,R,L,0.356,2.3597486,0.3136615,-0.0423385,1110LRL9L
375,8,Top,0,0,1,1,1,R,L,L,R,0.632,1.015055,0.6425875,0.0105875,0011LLR8R
408,8,Top,0,0,0,1,0,L,R,R,R,0.753,0.4920868,0.8422045,0.0892045,0000RRR8L
156,9,Top,1,0,1,1,1,R,R,L,L,0.62,1.07924005,0.6428695,0.0228695,1011RLL9R
425,8,Top,1,0,0,1,2,L,R,R,R,0.816,0.1944734,0.932354,0.116354,1002RRR8L
325,8,Top,0,1,0,1,1,R,L,L,L,0.702,0.6132318,0.790083,0.088083,0101LLL8R
750,8,Top,0,1,1,1,0,L,L,L,R,0.409,2.1033831,0.3007485,-0.1082515,0110LLR8L
600,8,Top,0,0,0,1,0,L,L,R,R,0.753,0.4760552,0.8477655,0.0947655,0000LRR8L
492,9,Top,1,0,1,1,1,L,R,L,R,0.62,1.045237,0.6525315,0.0325315,1011RLR9L
549,9,Top,0,1,0,1,2,L,R,L,L,0.887,0.3471594,0.87757,-0.00943,0102RLL9L
586,9,Top,1,1,0,1,1,L,L,R,R,0.715,0.86025665,0.726972,0.011972,1101LRR9L
445,9,Top,0,1,0,1,1,L,R,R,L,0.773,0.66122635,0.773405,0.000405,0101RRL9L
441,9,Top,1,0,0,1,1,L,R,R,L,0.829,0.46777075,0.842234,0.013234,1001RRL9L
306,9,Top,1,1,0,1,2,R,L,L,L,0.859,0.40562275,0.865169,0.006169,1102LLL9R
248,9,Top,0,0,0,1,1,R,L,R,L,0.912,0.23969145,0.919225,0.007225,0001LRL9R
400,9,Top,0,0,0,1,2,L,R,R,R,0.966,0.09339235,0.966523,0.000523,0002RRR9L
330,8,Top,1,1,0,1,2,R,L,L,L,0.766,0.4275499,0.854457,0.088457,1102LLL8R
570,8,Top,1,1,0,1,2,L,R,L,L,0.766,0.3831043,0.8595465,0.0935465,1102RLL8L
361,8,Top,1,0,0,1,0,R,L,L,R,0.664,0.8285081,0.735982,0.071982,1000LLR8R
537,9,Top,1,0,0,1,1,L,R,L,L,0.829,0.44145755,0.8491745,0.0201745,1001RLL9L
279,8,Top,0,0,1,1,1,R,L,R,L,0.632,1.0204644,0.639704,0.007704,0011LRL8R
541,9,Top,0,1,0,1,1,L,R,L,L,0.773,0.62042515,0.7847755,0.0117755,0101RLL9L
305,9,Top,1,0,0,1,2,R,L,L,L,0.924,0.1801752,0.9364725,0.0124725,1002LLL9R
374,8,Top,0,1,1,1,1,R,L,L,R,0.534,1.40470635,0.5145405,-0.0194595,0111LLR8R
601,8,Top,1,0,0,1,0,L,L,R,R,0.664,0.84817655,0.7293905,0.0653905,1000LRR8L
356,9,Top,1,0,1,1,2,R,L,L,R,0.833,0.3991874,0.863589,0.030589,1012LLR9R
297,9,Top,1,0,0,1,1,R,L,L,L,0.829,0.4447156,0.852963,0.023963,1001LLL9R
250,9,Top,1,1,0,1,1,R,L,R,L,0.715,0.83908485,0.7325615,0.0175615,1101LRL9R
288,9,Top,0,0,0,1,0,R,L,L,L,0.841,0.4519699,0.854774,0.013774,0000LLL9R
739,9,Top,1,1,1,1,2,L,L,L,R,0.762,0.7060309,0.771303,0.009303,1112LLR9L
525,8,Top,0,1,0,1,2,L,R,L,R,0.788,0.3245518,0.880926,0.092926,0102RLR8L
584,9,Top,0,0,0,1,1,L,L,R,R,0.912,0.2418073,0.9188205,0.0068205,0001LRR9L
462,8,Top,0,1,1,1,0,L,R,R,L,0.409,2.11853195,0.296425,-0.112575,0110RRL8L
314,8,Top,1,1,0,1,0,R,L,L,L,0.534,1.3854119,0.576909,0.042909,1100LLL8R
607,8,Top,0,0,1,1,0,L,L,R,R,0.542,1.4192893,0.520055,-0.021945,0010LRR8L
524,8,Top,1,0,1,1,2,L,R,L,R,0.746,0.42282815,0.8558865,0.1098865,1012RLR8L
327,8,Top,0,0,1,1,1,R,L,L,L,0.632,1.00263795,0.6463065,0.0143065,0011LLL8R
567,8,Top,0,0,1,1,1,L,R,L,L,0.632,1.0316014,0.6372815,0.0052815,0011RLL8L
367,8,Top,0,0,1,1,0,R,L,L,R,0.542,1.39662905,0.5300025,-0.0119975,0010LLR8R
503,9,Top,0,0,1,1,2,L,R,L,R,0.867,0.3307797,0.8823175,0.0153175,0012RLR9L
464,8,Top,0,0,0,1,1,L,R,R,L,0.806,0.240713,0.918716,0.112716,0001RRL8L
439,9,Top,0,0,1,1,0,L,R,R,L,0.559,1.3922525,0.527761,-0.031239,0010RRL9L
489,9,Top,1,0,0,1,1,L,R,L,R,0.829,0.4376893,0.851809,0.022809,1001RLR9L
757,8,Top,0,1,0,1,1,L,L,L,R,0.702,0.6166416,0.788229,0.086229,0101LLR8L
267,8,Top,1,1,1,1,0,R,L,R,L,0.371,2.3498742,0.316757,-0.054243,1110LRL8R
501,9,Top,0,1,0,1,2,L,R,L,R,0.887,0.3202033,0.8841375,-0.0028625,0102RLR9L
209,9,Top,1,0,0,1,2,R,L,R,R,0.924,0.1844407,0.9348175,0.0108175,1002LRR9R
432,9,Top,0,0,0,1,0,L,R,R,L,0.841,0.46863175,0.8501685,0.0091685,0000RRL9L
486,9,Top,0,1,1,1,0,L,R,L,R,0.39,2.1264196,0.298911,-0.091089,0110RLR9L
521,8,Top,1,0,0,1,2,L,R,L,R,0.816,0.1888458,0.932155,0.116155,1002RLR8L
545,9,Top,1,0,0,1,2,L,R,L,L,0.924,0.19347615,0.9313175,0.0073175,1002RLL9L
456,8,Top,0,0,0,1,0,L,R,R,L,0.753,0.4663682,0.8504495,0.0974495,0000RRL8L
542,9,Top,0,1,1,1,1,L,R,L,L,0.552,1.41418175,0.508595,-0.043405,0111RLL9L
504,8,Top,0,0,0,1,0,L,R,L,R,0.753,0.45637865,0.854143,0.101143,0000RLR8L
618,8,Top,1,1,0,1,2,L,L,R,R,0.766,0.4418811,0.8552895,0.0892895,1102LRR8L
139,8,Top,1,1,1,1,2,R,R,L,R,0.691,0.69821235,0.763935,0.072935,1112RLR8R
488,9,Top,0,0,0,1,1,L,R,L,R,0.912,0.2396156,0.919644,0.007644,0001RLR9L
495,9,Top,0,0,1,1,1,L,R,L,R,0.677,1.00455645,0.6460565,-0.0309435,0011RLR9L
587,9,Top,1,1,1,1,1,L,L,R,R,0.537,1.5325156,0.540669,0.003669,1111LRR9L
266,8,Top,1,1,0,1,0,R,L,R,L,0.534,1.3625062,0.582599,0.048599,1100LRL8R
448,9,Top,0,0,0,1,2,L,R,R,L,0.966,0.0931885,0.9669985,0.0009985,0002RRL9L
429,8,Top,0,1,0,1,2,L,R,R,R,0.788,0.32014985,0.881265,0.093265,0102RRR8L
568,8,Top,0,0,0,1,2,L,R,L,L,0.847,0.0869195,0.9655335,0.1185335,0002RLL8L
638,9,Top,0,1,1,1,1,L,L,R,L,0.552,1.40206505,0.5137735,-0.0382265,0111LRL9L
580,9,Top,1,0,1,1,0,L,L,R,R,0.462,1.68906635,0.4646815,0.0026815,1010LRR9L
613,8,Top,0,1,0,1,1,L,L,R,R,0.702,0.6482992,0.7797855,0.0777855,0101LRR8L
311,9,Top,0,0,1,1,2,R,L,L,L,0.867,0.32814325,0.8836035,0.0166035,0012LLL9R
476,8,Top,1,0,1,1,2,L,R,R,L,0.746,0.4254918,0.856743,0.110743,1012RRL8L
394,9,Top,1,1,0,1,1,L,R,R,R,0.715,0.85505765,0.72475,0.00975,1101RRR9L
512,8,Top,0,0,0,1,1,L,R,L,R,0.806,0.24456,0.917106,0.111106,0001RLR8L
226,8,Top,1,1,0,1,1,R,L,R,R,0.655,0.8130134,0.7390285,0.0840285,1101LRR8R
591,9,Top,0,0,1,1,1,L,L,R,R,0.677,1.0046471,0.64886,-0.02814,0011LRR9L
506,8,Top,1,1,0,1,0,L,R,L,R,0.534,1.4034681,0.5697685,0.0357685,1100RLR8L
572,8,Top,1,0,1,1,2,L,R,L,L,0.746,0.4407092,0.8495425,0.1035425,1012RLL8L
626,9,Top,1,1,0,1,0,L,L,R,L,0.559,1.4133744,0.5683625,0.0093625,1100LRL9L
527,8,Top,0,0,1,1,2,L,R,L,R,0.773,0.3239019,0.8828335,0.1098335,0012RLR8L
210,9,Top,1,1,0,1,2,R,L,R,R,0.859,0.41195075,0.862078,0.003078,1102LRR9R
360,8,Top,0,0,0,1,0,R,L,L,R,0.753,0.4598037,0.8526345,0.0996345,0000LLR8R
449,9,Top,1,0,0,1,2,L,R,R,L,0.924,0.1774197,0.936595,0.012595,1002RRL9L
151,9,Top,0,0,1,1,0,R,R,L,L,0.559,1.40078965,0.5269565,-0.0320435,0010RLL9R
204,9,Top,1,0,1,1,1,R,L,R,R,0.62,1.04838655,0.651491,0.031491,1011LRR9R
365,8,Top,0,1,0,1,0,R,L,L,R,0.605,1.14547475,0.620061,0.015061,0100LLR8R
379,8,Top,1,1,1,1,2,R,L,L,R,0.691,0.68182875,0.7737475,0.0827475,1112LLR8R
623,8,Top,0,0,1,1,2,L,L,R,R,0.773,0.31094345,0.8879845,0.1149845,0012LRR8L
479,8,Top,0,0,1,1,2,L,R,R,L,0.773,0.32570625,0.881415,0.108415,0012RRL8L
518,8,Top,0,1,1,1,1,L,R,L,R,0.534,1.41381675,0.5112935,-0.0227065,0111RLR8L
668,8,Top,1,0,1,1,2,L,L,R,L,0.746,0.44091475,0.8494505,0.1034505,1012LRL8L
767,8,Top,0,0,1,1,2,L,L,L,R,0.773,0.3144624,0.8846525,0.1116525,0012LLR8L
265,8,Top,1,0,0,1,0,R,L,R,L,0.664,0.7845937,0.748334,0.084334,1000LRL8R
296,9,Top,0,0,0,1,1,R,L,L,L,0.912,0.2193027,0.9264315,0.0144315,0001LLL9R
617,8,Top,1,0,0,1,2,L,L,R,R,0.816,0.17886635,0.934661,0.118661,1002LRR8L
364,8,Top,1,0,1,1,0,R,L,L,R,0.462,1.66749455,0.4669585,0.0049585,1010LLR8R
641,9,Top,1,0,0,1,2,L,L,R,L,0.924,0.17951655,0.9370555,0.0130555,1002LRL9L
560,8,Top,0,0,0,1,1,L,R,L,L,0.806,0.2403467,0.918732,0.112732,0001RLL8L
307,9,Top,1,1,1,1,2,R,L,L,L,0.762,0.7076451,0.768356,0.006356,1112LLL9R
232,8,Top,0,0,0,1,2,R,L,R,R,0.847,0.08248095,0.96223,0.11523,0002LRR8R
282,8,Top,1,1,0,1,2,R,L,R,L,0.766,0.4007694,0.8652415,0.0992415,1102LRL8R
550,9,Top,0,1,1,1,2,L,R,L,L,0.793,0.53697,0.805979,0.012979,0112RLL9L
401,9,Top,1,0,0,1,2,L,R,R,R,0.924,0.19267555,0.9323255,0.0083255,1002RRR9L
487,9,Top,0,0,1,1,0,L,R,L,R,0.559,1.4006119,0.529361,-0.029639,0010RLR9L
359,9,Top,0,0,1,1,2,R,L,L,R,0.867,0.30445015,0.8901765,0.0231765,0012LLR9R
482,9,Top,1,1,0,1,0,L,R,L,R,0.559,1.4532789,0.5597505,0.0007505,1100RLR9L
520,8,Top,0,0,0,1,2,L,R,L,R,0.847,0.0945649,0.9622005,0.1152005,0002RLR8L
253,9,Top,0,1,0,1,1,R,L,R,L,0.773,0.627139,0.783693,0.010693,0101LRL9R
735,9,Top,0,0,1,1,1,L,L,L,R,0.677,0.99467335,0.647807,-0.029193,0011LLR9L
669,8,Top,0,1,0,1,2,L,L,R,L,0.788,0.32883445,0.8817935,0.0937935,0102LRL8L
721,9,Top,1,0,0,1,0,L,L,L,R,0.725,0.78397805,0.7496645,0.0246645,1000LLR9L
237,8,Top,0,1,0,1,2,R,L,R,R,0.788,0.28069915,0.89362,0.10562,0102LRR8R
328,8,Top,0,0,0,1,2,R,L,L,L,0.847,0.092835,0.9674275,0.1204275,0002LLL8R
558,8,Top,0,1,1,1,0,L,R,L,L,0.409,2.12710175,0.294212,-0.114788,0110RLL8L
180,8,Top,1,0,1,1,1,R,R,L,L,0.586,1.0430331,0.6543065,0.0683065,1011RLL8R
220,8,Top,1,0,1,1,0,R,L,R,R,0.462,1.72204885,0.454818,-0.007182,1010LRR8R
653,8,Top,0,1,0,1,0,L,L,R,L,0.605,1.18694595,0.6089155,0.0039155,0100LRL8L
552,8,Top,0,0,0,1,0,L,R,L,L,0.753,0.4660746,0.8506965,0.0976965,0000RLL8L
736,9,Top,0,0,0,1,2,L,L,L,R,0.966,0.07803875,0.9722795,0.0062795,0002LLR9L
508,8,Top,1,0,1,1,0,L,R,L,R,0.462,1.68389925,0.4622595,0.0002595,1010RLR8L
88,8,Top,0,0,0,1,2,R,R,R,L,0.847,0.08131375,0.962314,0.115314,0002RRL8R
304,9,Top,0,0,0,1,2,R,L,L,L,0.966,0.0830632,0.9702535,0.0042535,0002LLL9R
181,8,Top,0,1,0,1,1,R,R,L,L,0.702,0.65144365,0.775579,0.073579,0101RLL8R
310,9,Top,0,1,1,1,2,R,L,L,L,0.793,0.4984767,0.818897,0.025897,0112LLL9R
287,8,Top,0,0,1,1,2,R,L,R,L,0.773,0.322732,0.88434,0.11134,0012LRL8R
543,9,Top,0,0,1,1,1,L,R,L,L,0.677,1.0104868,0.643833,-0.033167,0011RLL9L
599,9,Top,0,0,1,1,2,L,L,R,R,0.867,0.32934,0.883157,0.016157,0012LRR9L
762,8,Top,1,1,0,1,2,L,L,L,R,0.766,0.4091162,0.8632995,0.0972995,1102LLR8L
727,9,Top,0,0,1,1,0,L,L,L,R,0.559,1.3843473,0.5346015,-0.0243985,0010LLR9L
240,9,Top,0,0,0,1,0,R,L,R,L,0.841,0.450373,0.8560315,0.0150315,0000LRL9R
452,9,Top,1,0,1,1,2,L,R,R,L,0.833,0.4426811,0.850548,0.017548,1012RRL9L
262,9,Top,0,1,1,1,2,R,L,R,L,0.793,0.57014035,0.796057,0.003057,0112LRL9R
335,8,Top,0,0,1,1,2,R,L,L,L,0.773,0.3089451,0.886235,0.113235,0012LLL8R
238,8,Top,0,1,1,1,2,R,L,R,R,0.718,0.51215505,0.8061915,0.0881915,0112LRR8R
702,8,Top,0,1,1,1,0,L,L,L,L,0.409,2.07815015,0.305965,-0.103035,0110LLL8L
561,8,Top,1,0,0,1,1,L,R,L,L,0.744,0.4581334,0.845558,0.101558,1001RLL8L
317,8,Top,0,1,0,1,0,R,L,L,L,0.605,1.14530415,0.620648,0.015648,0100LLL8R
490,9,Top,1,1,0,1,1,L,R,L,R,0.715,0.82923995,0.733615,0.018615,1101RLR9L
376,8,Top,0,0,0,1,2,R,L,L,R,0.847,0.0818253,0.9703745,0.1233745,0002LLR8R
765,8,Top,0,1,0,1,2,L,L,L,R,0.788,0.3228176,0.884826,0.096826,0102LLR8L
531,9,Top,1,1,1,1,0,L,R,L,L,0.356,2.3392166,0.317034,-0.038966,1110RLL9L
309,9,Top,0,1,0,1,2,R,L,L,L,0.887,0.29168965,0.894201,0.007201,0102LLL9R
583,9,Top,0,0,1,1,0,L,L,R,R,0.559,1.3978864,0.528176,-0.030824,0010LRR9L
213,9,Top,0,1,0,1,2,R,L,R,R,0.887,0.3129471,0.8886185,0.0016185,0102LRR9R
368,8,Top,0,0,0,1,1,R,L,L,R,0.806,0.23834245,0.918956,0.112956,0001LLR8R
241,9,Top,1,0,0,1,0,R,L,R,L,0.725,0.79640995,0.746301,0.021301,1000LRL9R
510,8,Top,0,1,1,1,0,L,R,L,R,0.409,2.1255918,0.300573,-0.108427,0110RLR8L
169,8,Top,1,0,0,1,0,R,R,L,L,0.664,0.78710275,0.7503625,0.0863625,1000RLL8R
320,8,Top,0,0,0,1,1,R,L,L,L,0.806,0.22143005,0.925333,0.119333,0001LLL8R
647,9,Top,0,0,1,1,2,L,L,R,L,0.867,0.30215795,0.891213,0.024213,0012LRL9L
529,9,Top,1,0,0,1,0,L,R,L,L,0.725,0.77437485,0.749596,0.024596,1000RLL9L
252,9,Top,1,0,1,1,1,R,L,R,L,0.62,1.03529885,0.6565655,0.0365655,1011LRL9R
187,8,Top,1,1,1,1,2,R,R,L,L,0.691,0.69695595,0.7729905,0.0819905,1112RLL8R
635,9,Top,1,1,1,1,1,L,L,R,L,0.537,1.48492235,0.542721,0.005721,1111LRL9L
579,9,Top,1,1,1,1,0,L,L,R,R,0.356,2.3297367,0.319825,-0.036175,1110LRR9L
271,8,Top,0,0,1,1,0,R,L,R,L,0.542,1.38645095,0.533537,-0.008463,0010LRL8R
754,8,Top,1,1,0,1,1,L,L,L,R,0.655,0.7945889,0.745786,0.090786,1101LLR8L
544,9,Top,0,0,0,1,2,L,R,L,L,0.966,0.09221,0.9678545,0.0018545,0002RLL9L
40,8,Top,0,0,0,1,2,R,R,R,R,0.847,0.0852796,0.965133,0.118133,0002RRR8R
734,9,Top,0,1,1,1,1,L,L,L,R,0.552,1.3909915,0.5175115,-0.0344885,0111LLR9L
224,8,Top,0,0,0,1,1,R,L,R,R,0.806,0.2327761,0.9206775,0.1146775,0001LRR8R
528,9,Top,0,0,0,1,0,L,R,L,L,0.841,0.45394325,0.854207,0.013207,0000RLL9L
614,8,Top,0,1,1,1,1,L,L,R,R,0.534,1.4322277,0.5106105,-0.0233895,0111LRR8L
675,9,Top,1,1,1,1,0,L,L,L,L,0.356,2.28601415,0.318827,-0.037173,1110LLL9L
615,8,Top,0,0,1,1,1,L,L,R,R,0.632,0.98928575,0.6515485,0.0195485,0011LRR8L
332,8,Top,1,0,1,1,2,R,L,L,L,0.746,0.4021749,0.863112,0.117112,1012LLL8R
661,8,Top,0,1,0,1,1,L,L,R,L,0.702,0.6365564,0.7802255,0.0782255,0101LRL8L
175,8,Top,0,0,1,1,0,R,R,L,L,0.542,1.3649633,0.538725,-0.003275,0010RLL8R
247,9,Top,0,0,1,1,0,R,L,R,L,0.559,1.39102745,0.5317845,-0.0272155,0010LRL9R
630,9,Top,0,1,1,1,0,L,L,R,L,0.39,2.0889113,0.303193,-0.086807,0110LRL9L
575,8,Top,0,0,1,1,2,L,R,L,L,0.773,0.30221185,0.888372,0.115372,0012RLL8L
728,9,Top,0,0,0,1,1,L,L,L,R,0.912,0.21644305,0.9269425,0.0149425,0001LLR9L
255,9,Top,0,0,1,1,1,R,L,R,L,0.677,1.0041166,0.646022,-0.030978,0011LRL9R
726,9,Top,0,1,1,1,0,L,L,L,R,0.39,2.1379075,0.293511,-0.096489,0110LLR9L
692,9,Top,1,0,1,1,2,L,L,L,L,0.833,0.3868006,0.868905,0.035905,1012LLL9L
130,8,Top,1,1,0,1,1,R,R,L,R,0.655,0.80863185,0.7418225,0.0868225,1101RLR8R
290,9,Top,1,1,0,1,0,R,L,L,L,0.559,1.3838842,0.5774165,0.0184165,1100LLL9R
519,8,Top,0,0,1,1,1,L,R,L,R,0.632,0.9865037,0.6544255,0.0224255,0011RLR8L
658,8,Top,1,1,0,1,1,L,L,R,L,0.655,0.7828531,0.749746,0.094746,1101LRL8L
208,9,Top,0,0,0,1,2,R,L,R,R,0.966,0.0717117,0.9746715,0.0086715,0002LRR9R
329,8,Top,1,0,0,1,2,R,L,L,L,0.816,0.16669005,0.938369,0.122369,1002LLL8R
113,9,Top,1,0,0,1,2,R,R,L,R,0.924,0.1775719,0.9370085,0.0130085,1002RLR9R
509,8,Top,0,1,0,1,0,L,R,L,R,0.605,1.17372815,0.6108355,0.0058355,0100RLR8L
112,9,Top,0,0,0,1,2,R,R,L,R,0.966,0.0803544,0.9715365,0.0055365,0002RLR9R
581,9,Top,0,1,0,1,0,L,L,R,R,0.644,1.1669329,0.614474,-0.029526,0100LRR9L
532,9,Top,1,0,1,1,0,L,R,L,L,0.462,1.66960125,0.4680585,0.0060585,1010RLL9L
644,9,Top,1,0,1,1,2,L,L,R,L,0.833,0.41538785,0.860284,0.027284,1012LRL9L
280,8,Top,0,0,0,1,2,R,L,R,L,0.847,0.07594195,0.967818,0.120818,0002LRL8R
629,9,Top,0,1,0,1,0,L,L,R,L,0.644,1.1653507,0.6119965,-0.0320035,0100LRL9L
358,9,Top,0,1,1,1,2,R,L,L,R,0.793,0.5859276,0.790362,-0.002638,0112LLR9R
733,9,Top,0,1,0,1,1,L,L,L,R,0.773,0.63002,0.7845275,0.0115275,0101LLR9L
461,8,Top,0,1,0,1,0,L,R,R,L,0.605,1.1719285,0.6114005,0.0064005,0100RRL8L
538,9,Top,1,1,0,1,1,L,R,L,L,0.715,0.7856775,0.744353,0.029353,1101RLL9L
172,8,Top,1,0,1,1,0,R,R,L,L,0.462,1.67940895,0.4669535,0.0049535,1010RLL8R
720,9,Top,0,0,0,1,0,L,L,L,R,0.841,0.43606575,0.860608,0.019608,0000LLR9L
341,9,Top,0,1,0,1,0,R,L,L,R,0.644,1.1705738,0.6116785,-0.0323215,0100LLR9R
244,9,Top,1,0,1,1,0,R,L,R,L,0.462,1.69424655,0.461481,-0.000519,1010LRL9R
640,9,Top,0,0,0,1,2,L,L,R,L,0.966,0.08020555,0.971507,0.005507,0002LRL9L
738,9,Top,1,1,0,1,2,L,L,L,R,0.859,0.3853107,0.869305,0.010305,1102LLR9L
678,9,Top,0,1,1,1,0,L,L,L,L,0.39,2.0582686,0.3078125,-0.0821875,0110LLL9L
536,9,Top,0,0,0,1,1,L,R,L,L,0.912,0.22982455,0.9226755,0.0106755,0001RLL9L
656,8,Top,0,0,0,1,1,L,L,R,L,0.806,0.2247318,0.9230735,0.1170735,0001LRL8L
380,8,Top,1,0,1,1,2,R,L,L,R,0.746,0.38758185,0.866863,0.120863,1012LLR8R
382,8,Top,0,1,1,1,2,R,L,L,R,0.718,0.53085315,0.8058555,0.0878555,0112LLR8R
340,9,Top,1,0,1,1,0,R,L,L,R,0.462,1.7069822,0.4588085,-0.0031915,1010LLR9R
562,8,Top,1,1,0,1,1,L,R,L,L,0.655,0.81595945,0.7347835,0.0797835,1101RLL8L
718,8,Top,0,1,1,1,2,L,L,L,L,0.718,0.5639307,0.792937,0.074937,0112LLL8L
569,8,Top,1,0,0,1,2,L,R,L,L,0.816,0.1943066,0.929708,0.113708,1002RLL8L
590,9,Top,0,1,1,1,1,L,L,R,R,0.552,1.4336203,0.5109225,-0.0410775,0111LRR9L
249,9,Top,1,0,0,1,1,R,L,R,L,0.829,0.4425883,0.850205,0.021205,1001LRL9R
741,9,Top,0,1,0,1,2,L,L,L,R,0.887,0.286309,0.8972955,0.0102955,0102LLR9L
533,9,Top,0,1,0,1,0,L,R,L,L,0.644,1.1606376,0.61465,-0.02935,0100RLL9L
150,9,Top,0,1,1,1,0,R,R,L,L,0.39,2.0735311,0.3068825,-0.0831175,0110RLL9R
433,9,Top,1,0,0,1,0,L,R,R,L,0.725,0.8216353,0.736526,0.011526,1000RRL9L
756,8,Top,1,0,1,1,1,L,L,L,R,0.586,1.0307946,0.6584665,0.0724665,1011LLR8L
372,8,Top,1,0,1,1,1,R,L,L,R,0.586,1.02742765,0.6585395,0.0725395,1011LLR8R
49,9,Top,1,0,0,1,0,R,R,R,L,0.725,0.8248146,0.736606,0.011606,1000RRL9R
534,9,Top,0,1,1,1,0,L,R,L,L,0.39,2.0779929,0.30697,-0.08303,0110RLL9L
149,9,Top,0,1,0,1,0,R,R,L,L,0.644,1.16463765,0.61475,-0.02925,0100RLL9R
357,9,Top,0,1,0,1,2,R,L,L,R,0.887,0.28711675,0.897462,0.010462,0102LLR9R
633,9,Top,1,0,0,1,1,L,L,R,L,0.829,0.44128335,0.8503965,0.0213965,1001LRL9L
206,9,Top,0,1,1,1,1,R,L,R,R,0.552,1.41755635,0.511123,-0.040877,0111LRR9R
185,8,Top,1,0,0,1,2,R,R,L,L,0.816,0.1760901,0.930022,0.114022,1002RLL8R
334,8,Top,0,1,1,1,2,R,L,L,L,0.718,0.572695,0.7932875,0.0752875,0112LLL8R
178,8,Top,1,1,0,1,1,R,R,L,L,0.655,0.8307534,0.7352065,0.0802065,1101RLL8R
724,9,Top,1,0,1,1,0,L,L,L,R,0.462,1.6928972,0.459282,-0.002718,1010LLR9L
766,8,Top,0,1,1,1,2,L,L,L,R,0.718,0.5237808,0.806413,0.088413,0112LLR8L
764,8,Top,1,0,1,1,2,L,L,L,R,0.746,0.38434645,0.8674275,0.1214275,1012LLR8L
272,8,Top,0,0,0,1,1,R,L,R,L,0.806,0.2241111,0.923677,0.117677,0001LRL8R
152,9,Top,0,0,0,1,1,R,R,L,L,0.912,0.22668235,0.9234165,0.0114165,0001RLL9R
294,9,Top,0,1,1,1,0,R,L,L,L,0.39,2.1013933,0.308732,-0.081268,0110LLL9R
354,9,Top,1,1,0,1,2,R,L,L,R,0.859,0.38221665,0.870345,0.011345,1102LLR9R
256,9,Top,0,0,0,1,2,R,L,R,L,0.966,0.07649295,0.9725605,0.0065605,0002LRL9R
628,9,Top,1,0,1,1,0,L,L,R,L,0.462,1.67980495,0.462572,0.000572,1010LRL9L
725,9,Top,0,1,0,1,0,L,L,L,R,0.644,1.16772455,0.612855,-0.031145,0100LLR9L
336,9,Top,0,0,0,1,0,R,L,L,R,0.841,0.43318085,0.861867,0.020867,0000LLR9R
556,8,Top,1,0,1,1,0,L,R,L,L,0.462,1.6593846,0.468237,0.006237,1010RLL8L
154,9,Top,1,1,0,1,1,R,R,L,L,0.715,0.79879175,0.745692,0.030692,1101RLL9R
77,8,Top,0,1,0,1,0,R,R,R,L,0.605,1.16660065,0.6128025,0.0078025,0100RRL8R
349,9,Top,0,1,0,1,1,R,L,L,R,0.773,0.6253223,0.7859465,0.0129465,0101LLR9R
742,9,Top,0,1,1,1,2,L,L,L,R,0.793,0.57349575,0.791812,-0.001188,0112LLR9L
245,9,Top,0,1,0,1,0,R,L,R,L,0.644,1.1603022,0.613454,-0.030546,0100LRL9R
664,8,Top,0,0,0,1,2,L,L,R,L,0.847,0.08142265,0.9693375,0.1223375,0002LRL8L
260,9,Top,1,0,1,1,2,R,L,R,L,0.833,0.4136467,0.86182,0.02882,1012LRL9R
148,9,Top,1,0,1,1,0,R,R,L,L,0.462,1.6677756,0.469622,0.007622,1010RLL9R
197,9,Top,0,1,0,1,0,R,L,R,R,0.644,1.1511803,0.6160655,-0.0279345,0100LRR9R
496,9,Top,0,0,0,1,2,L,R,L,R,0.966,0.0755757,0.973138,0.007138,0002RLR9L
125,8,Top,0,1,0,1,0,R,R,L,R,0.605,1.16750965,0.6124375,0.0074375,0100RLR8R
497,9,Top,1,0,0,1,2,L,R,L,R,0.924,0.1749933,0.93864,0.01464,1002RLR9L
713,8,Top,1,0,0,1,2,L,L,L,L,0.816,0.1593349,0.9400255,0.1240255,1002LLL8L
592,9,Top,0,0,0,1,2,L,L,R,R,0.966,0.06806195,0.97636,0.01036,0002LRR9L
274,8,Top,1,1,0,1,1,R,L,R,L,0.655,0.78080505,0.7514475,0.0964475,1101LRL8R
135,8,Top,0,0,1,1,1,R,R,L,R,0.632,0.9763307,0.6562005,0.0242005,0011RLR8R
674,9,Top,1,1,0,1,0,L,L,L,L,0.559,1.36970935,0.579258,0.020258,1100LLL9L
514,8,Top,1,1,0,1,1,L,R,L,R,0.655,0.8139775,0.743669,0.088669,1101RLR8L
308,9,Top,1,0,1,1,2,R,L,L,L,0.833,0.3813914,0.870775,0.037775,1012LLL9R
342,9,Top,0,1,1,1,0,R,L,L,R,0.39,2.1217128,0.2955635,-0.0944365,0110LLR9R
639,9,Top,0,0,1,1,1,L,L,R,L,0.677,0.9996798,0.648235,-0.028765,0011LRL9L
344,9,Top,0,0,0,1,1,R,L,L,R,0.912,0.20821535,0.929303,0.017303,0001LLR9R
191,8,Top,0,0,1,1,2,R,R,L,L,0.773,0.300838,0.890736,0.117736,0012RLL8R
246,9,Top,0,1,1,1,0,R,L,R,L,0.39,2.07832495,0.3056125,-0.0843875,0110LRL9R
631,9,Top,0,0,1,1,0,L,L,R,L,0.559,1.37734975,0.534212,-0.024788,0010LRL9L
559,8,Top,0,0,1,1,0,L,R,L,L,0.542,1.3516018,0.5412335,-0.0007665,0010RLL8L
716,8,Top,1,0,1,1,2,L,L,L,L,0.746,0.38995595,0.865623,0.119623,1012LLL8L
277,8,Top,0,1,0,1,1,R,L,R,L,0.702,0.6347538,0.7827365,0.0807365,0101LRL8R
231,8,Top,0,0,1,1,1,R,L,R,R,0.632,0.98041235,0.65407,0.02207,0011LRR8R
291,9,Top,1,1,1,1,0,R,L,L,L,0.356,2.32660425,0.321401,-0.034599,1110LLL9R
230,8,Top,0,1,1,1,1,R,L,R,R,0.534,1.39393675,0.513207,-0.020793,0111LRR8R
144,9,Top,0,0,0,1,0,R,R,L,L,0.841,0.4450939,0.856835,0.015835,0000RLL9R
608,8,Top,0,0,0,1,1,L,L,R,R,0.806,0.22589585,0.9234235,0.1174235,0001LRR8L
350,9,Top,0,1,1,1,1,R,L,L,R,0.552,1.38276885,0.520353,-0.031647,0111LLR9R
424,8,Top,0,0,0,1,2,L,R,R,R,0.847,0.0862066,0.968059,0.121059,0002RRR8L
160,9,Top,0,0,0,1,2,R,R,L,L,0.966,0.0819733,0.97088,0.00488,0002RLL9R
370,8,Top,1,1,0,1,1,R,L,L,R,0.655,0.7793159,0.748822,0.093822,1101LLR8R
655,8,Top,0,0,1,1,0,L,L,R,L,0.542,1.3760319,0.536573,-0.005427,0010LRL8L
195,9,Top,1,1,1,1,0,R,L,R,R,0.356,2.28038595,0.323024,-0.032976,1110LRR9R
251,9,Top,1,1,1,1,1,R,L,R,L,0.537,1.47934515,0.545925,0.008925,1111LRL9R
571,8,Top,1,1,1,1,2,L,R,L,L,0.691,0.67498605,0.776248,0.085248,1112RLL8L
636,9,Top,1,0,1,1,1,L,L,R,L,0.62,1.02152835,0.659866,0.039866,1011LRL9L
145,9,Top,1,0,0,1,0,R,R,L,L,0.725,0.76999095,0.7528985,0.0278985,1000RLL9R
263,9,Top,0,0,1,1,2,R,L,R,L,0.867,0.2958426,0.89454,0.02754,0012LRL9R
704,8,Top,0,0,0,1,1,L,L,L,L,0.806,0.2127318,0.9286965,0.1226965,0001LLL8L
553,8,Top,1,0,0,1,0,L,R,L,L,0.664,0.76182415,0.7537795,0.0897795,1000RLL8L
126,8,Top,0,1,1,1,0,R,R,L,R,0.409,2.0889251,0.3039975,-0.1050025,0110RLR8R
625,9,Top,1,0,0,1,0,L,L,R,L,0.725,0.7822501,0.749815,0.024815,1000LRL9L
752,8,Top,0,0,0,1,1,L,L,L,R,0.806,0.22464255,0.92247,0.11647,0001LLR8L
597,9,Top,0,1,0,1,2,L,L,R,R,0.887,0.29946095,0.8921705,0.0051705,0102LRR9L
199,9,Top,0,0,1,1,0,R,L,R,R,0.559,1.3917045,0.531801,-0.027199,0010LRR9R
693,9,Top,0,1,0,1,2,L,L,L,L,0.887,0.28152945,0.8980405,0.0110405,0102LLL9L
147,9,Top,1,1,1,1,0,R,R,L,L,0.356,2.3078189,0.3208965,-0.0351035,1110RLL9R
381,8,Top,0,1,0,1,2,R,L,L,R,0.788,0.3054518,0.888772,0.100772,0102LLR8R
760,8,Top,0,0,0,1,2,L,L,L,R,0.847,0.06841495,0.974324,0.127324,0002LLR8L
106,9,Top,1,1,0,1,1,R,R,L,R,0.715,0.82731805,0.737636,0.022636,1101RLR9R
701,8,Top,0,1,0,1,0,L,L,L,L,0.605,1.1192484,0.6246765,0.0196765,0100LLL8L
177,8,Top,1,0,0,1,1,R,R,L,L,0.744,0.444559,0.849631,0.105631,1001RLL8R
318,8,Top,0,1,1,1,0,R,L,L,L,0.409,2.0849839,0.310049,-0.098951,0110LLL8R
622,8,Top,0,1,1,1,2,L,L,R,R,0.718,0.52948625,0.810357,0.092357,0112LRR8L
719,8,Top,0,0,1,1,2,L,L,L,L,0.773,0.29825255,0.890409,0.117409,0012LLL8L
646,9,Top,0,1,1,1,2,L,L,R,L,0.793,0.5438528,0.800316,0.007316,0112LRL9L
68,9,Top,1,0,1,1,2,R,R,R,L,0.833,0.43176505,0.854993,0.021993,1012RRL9R
624,9,Top,0,0,0,1,0,L,L,R,L,0.841,0.439344,0.860488,0.019488,0000LRL9L
343,9,Top,0,0,1,1,0,R,L,L,R,0.559,1.36889765,0.5390615,-0.0199385,0010LLR9R
378,8,Top,1,1,0,1,2,R,L,L,R,0.766,0.37902985,0.867771,0.101771,1102LLR8R
215,9,Top,0,0,1,1,2,R,L,R,R,0.867,0.3113365,0.8876975,0.0206975,0012LRR9R
159,9,Top,0,0,1,1,1,R,R,L,L,0.677,0.9977995,0.6484815,-0.0285185,0011RLL9R
671,8,Top,0,0,1,1,2,L,L,R,L,0.773,0.3104302,0.8890655,0.1160655,0012LRL8L
694,9,Top,0,1,1,1,2,L,L,L,L,0.793,0.4871521,0.823629,0.030629,0112LLL9L
565,8,Top,0,1,0,1,1,L,R,L,L,0.702,0.6333395,0.7803845,0.0783845,0101RLL8L
688,9,Top,0,0,0,1,2,L,L,L,L,0.966,0.07051885,0.9751155,0.0091155,0002LLL9L
472,8,Top,0,0,0,1,2,L,R,R,L,0.847,0.092015,0.9672455,0.1202455,0002RRL8L
124,8,Top,1,0,1,1,0,R,R,L,R,0.462,1.6641532,0.467273,0.005273,1010RLR8R
352,9,Top,0,0,0,1,2,R,L,L,R,0.966,0.0632724,0.977491,0.011491,0002LLR9R
168,8,Top,0,0,0,1,0,R,R,L,L,0.753,0.4459016,0.8559905,0.1029905,0000RLL8R
269,8,Top,0,1,0,1,0,R,L,R,L,0.605,1.15515615,0.614237,0.009237,0100LRL8R
604,8,Top,1,0,1,1,0,L,L,R,R,0.462,1.70324765,0.460217,-0.001783,1010LRR8L
564,8,Top,1,0,1,1,1,L,R,L,L,0.586,1.02052085,0.65974,0.07374,1011RLL8L
174,8,Top,0,1,1,1,0,R,R,L,L,0.409,2.1092503,0.29968,-0.10932,0110RLL8R
712,8,Top,0,0,0,1,2,L,L,L,L,0.847,0.0660087,0.9729085,0.1259085,0002LLL8L
621,8,Top,0,1,0,1,2,L,L,R,R,0.788,0.27819415,0.8991515,0.1111515,0102LRR8L
337,9,Top,1,0,0,1,0,R,L,L,R,0.725,0.76494535,0.7552715,0.0302715,1000LLR9R
285,8,Top,0,1,0,1,2,R,L,R,L,0.788,0.2982808,0.88742,0.09942,0102LRL8R
351,9,Top,0,0,1,1,1,R,L,L,R,0.677,0.98074805,0.653464,-0.023536,0011LLR9R
637,9,Top,0,1,0,1,1,L,L,R,L,0.773,0.6127972,0.7893905,0.0163905,0101LRL9L
136,8,Top,0,0,0,1,2,R,R,L,R,0.847,0.08858105,0.96793,0.12093,0002RLR8R
98,9,Top,1,1,0,1,0,R,R,L,R,0.559,1.42704575,0.56564,0.00664,1100RLR9R
743,9,Top,0,0,1,1,2,L,L,L,R,0.867,0.2859893,0.8961185,0.0291185,0012LLR9L
103,9,Top,0,0,1,1,0,R,R,L,R,0.559,1.37135045,0.53532,-0.02368,0010RLR9R
17,9,Top,1,0,0,1,2,R,R,R,R,0.924,0.1751538,0.9383875,0.0143875,1002RRR9R
166,9,Top,0,1,1,1,2,R,R,L,L,0.793,0.51987805,0.812123,0.019123,0112RLL9R
666,8,Top,1,1,0,1,2,L,L,R,L,0.766,0.38066275,0.871401,0.105401,1102LRL8L
616,8,Top,0,0,0,1,2,L,L,R,R,0.847,0.07582495,0.9688405,0.1218405,0002LRR8L
691,9,Top,1,1,1,1,2,L,L,L,L,0.762,0.67203885,0.774998,0.012998,1112LLL9L
176,8,Top,0,0,0,1,1,R,R,L,L,0.806,0.22000215,0.9253755,0.1193755,0001RLL8R
257,9,Top,1,0,0,1,2,R,L,R,L,0.924,0.1588485,0.943799,0.019799,1002LRL9R
748,8,Top,1,0,1,1,0,L,L,L,R,0.462,1.6506832,0.473716,0.011716,1010LLR8L
233,8,Top,1,0,0,1,2,R,L,R,R,0.816,0.1573853,0.941428,0.125428,1002LRR8R
680,9,Top,0,0,0,1,1,L,L,L,L,0.912,0.19968635,0.933207,0.021207,0001LLL9L
649,8,Top,1,0,0,1,0,L,L,R,L,0.664,0.76638615,0.7551285,0.0911285,1000LRL8L
383,8,Top,0,0,1,1,2,R,L,L,R,0.773,0.28996135,0.8914505,0.1184505,0012LLR8R
284,8,Top,1,0,1,1,2,R,L,R,L,0.746,0.4116046,0.8562895,0.1102895,1012LRL8R
134,8,Top,0,1,1,1,1,R,R,L,R,0.534,1.3947957,0.518154,-0.015846,0111RLR8R
95,8,Top,0,0,1,1,2,R,R,R,L,0.773,0.308358,0.8883595,0.1153595,0012RRL8R
239,8,Top,0,0,1,1,2,R,L,R,R,0.773,0.28468305,0.8949555,0.1219555,0012LRR8R
763,8,Top,1,1,1,1,2,L,L,L,R,0.691,0.65364805,0.780751,0.089751,1112LLR8L
749,8,Top,0,1,0,1,0,L,L,L,R,0.605,1.1240212,0.6271815,0.0221815,0100LLR8L
588,9,Top,1,0,1,1,1,L,L,R,R,0.62,1.0407694,0.6586115,0.0386115,1011LRR9L
535,9,Top,0,0,1,1,0,L,R,L,L,0.559,1.37185565,0.5341135,-0.0248865,0010RLL9L
65,9,Top,1,0,0,1,2,R,R,R,L,0.924,0.15847185,0.943776,0.019776,1002RRL9R
744,8,Top,0,0,0,1,0,L,L,L,R,0.753,0.4371063,0.859825,0.106825,0000LLR8L
594,9,Top,1,1,0,1,2,L,L,R,R,0.859,0.3959996,0.86929,0.01029,1102LRR9L
143,8,Top,0,0,1,1,2,R,R,L,R,0.773,0.29613875,0.8901825,0.1171825,0012RLR8R
242,9,Top,1,1,0,1,0,R,L,R,L,0.559,1.4026158,0.5757315,0.0167315,1100LRL9R
188,8,Top,1,0,1,1,2,R,R,L,L,0.746,0.42595395,0.856925,0.110925,1012RLL8R
122,8,Top,1,1,0,1,0,R,R,L,R,0.534,1.3633776,0.5772235,0.0432235,1100RLR8R
207,9,Top,0,0,1,1,1,R,L,R,R,0.677,0.9713947,0.656347,-0.020653,0011LRR9R
610,8,Top,1,1,0,1,1,L,L,R,R,0.655,0.78843505,0.7465325,0.0915325,1101LRR8L
128,8,Top,0,0,0,1,1,R,R,L,R,0.806,0.22105345,0.9246845,0.1186845,0001RLR8R
10,9,Top,1,1,0,1,1,R,R,R,R,0.715,0.83597675,0.7323995,0.0173995,1101RRR9R
92,8,Top,1,0,1,1,2,R,R,R,L,0.746,0.40022,0.864413,0.118413,1012RRL8R
695,9,Top,0,0,1,1,2,L,L,L,L,0.867,0.2996156,0.891325,0.024325,0012LLL9L
229,8,Top,0,1,0,1,1,R,L,R,R,0.702,0.61110465,0.7876145,0.0856145,0101LRR8R
196,9,Top,1,0,1,1,0,R,L,R,R,0.462,1.6599301,0.4726005,0.0106005,1010LRR9R
254,9,Top,0,1,1,1,1,R,L,R,L,0.552,1.37172385,0.5218245,-0.0301755,0111LRL9R
184,8,Top,0,0,0,1,2,R,R,L,L,0.847,0.0687118,0.973655,0.126655,0002RLL8R
45,8,Top,0,1,0,1,2,R,R,R,R,0.788,0.2844925,0.889389,0.101389,0102RRR8R
64,9,Top,0,0,0,1,2,R,R,R,L,0.966,0.0694962,0.9753765,0.0093765,0002RRL9R
650,8,Top,1,1,0,1,0,L,L,R,L,0.534,1.32528975,0.5910295,0.0570295,1100LRL8L
203,9,Top,1,1,1,1,1,R,L,R,R,0.537,1.4559739,0.549183,0.012183,1111LRR9R
111,9,Top,0,0,1,1,1,R,R,L,R,0.677,0.97775915,0.6545805,-0.0224195,0011RLR9R
104,9,Top,0,0,0,1,1,R,R,L,R,0.912,0.21143675,0.92827,0.01627,0001RLR9R
523,8,Top,1,1,1,1,2,L,R,L,R,0.691,0.6887087,0.7727535,0.0817535,1112RLR8L
234,8,Top,1,1,0,1,2,R,L,R,R,0.766,0.40118375,0.8642325,0.0982325,1102LRR8R
120,8,Top,0,0,0,1,0,R,R,L,R,0.753,0.425971,0.8632405,0.1102405,0000RLR8R
158,9,Top,0,1,1,1,1,R,R,L,L,0.552,1.3993819,0.5177235,-0.0342765,0111RLL9R
72,8,Top,0,0,0,1,0,R,R,R,L,0.753,0.43797095,0.859668,0.106668,0000RRL8R
161,9,Top,1,0,0,1,2,R,R,L,L,0.924,0.1670234,0.940673,0.016673,1002RLL9R
137,8,Top,1,0,0,1,2,R,R,L,R,0.816,0.1605563,0.9415265,0.1255265,1002RLR8R
102,9,Top,0,1,1,1,0,R,R,L,R,0.39,2.0829097,0.3082895,-0.0817105,0110RLR9R
48,9,Top,0,0,0,1,0,R,R,R,L,0.841,0.4381936,0.8595815,0.0185815,0000RRL9R
593,9,Top,1,0,0,1,2,L,L,R,R,0.924,0.15868105,0.9443005,0.0203005,1002LRR9L
117,9,Top,0,1,0,1,2,R,R,L,R,0.887,0.29649045,0.8937795,0.0067795,0102RLR9R
651,8,Top,1,1,1,1,0,L,L,R,L,0.371,2.2830625,0.3264145,-0.0445855,1110LRL8L
373,8,Top,0,1,0,1,1,R,L,L,R,0.702,0.5869546,0.797993,0.095993,0101LLR8R
105,9,Top,1,0,0,1,1,R,R,L,R,0.829,0.4116869,0.8617445,0.0327445,1001RLR9R
55,9,Top,0,0,1,1,0,R,R,R,L,0.559,1.36230325,0.5377645,-0.0212355,0010RRL9R
80,8,Top,0,0,0,1,1,R,R,R,L,0.806,0.20924835,0.9287285,0.1227285,0001RRL8R
119,9,Top,0,0,1,1,2,R,R,L,R,0.867,0.29675865,0.8923425,0.0253425,0012RLR9R
751,8,Top,0,0,1,1,0,L,L,L,R,0.542,1.3586254,0.5400375,-0.0019625,0010LLR8L
183,8,Top,0,0,1,1,1,R,R,L,L,0.632,0.99786335,0.6476165,0.0156165,0011RLL8R
711,8,Top,0,0,1,1,1,L,L,L,L,0.632,0.96646535,0.6566465,0.0246465,0011LLL8L
140,8,Top,1,0,1,1,2,R,R,L,R,0.746,0.3757619,0.866267,0.120267,1012RLR8R
223,8,Top,0,0,1,1,0,R,L,R,R,0.542,1.3879393,0.5304495,-0.0115505,0010LRR8R
698,8,Top,1,1,0,1,0,L,L,L,L,0.534,1.32274395,0.587326,0.053326,1100LLL8L
78,8,Top,0,1,1,1,0,R,R,R,L,0.409,2.0870219,0.3068505,-0.1021495,0110RRL8R
200,9,Top,0,0,0,1,1,R,L,R,R,0.912,0.20949105,0.9292985,0.0172985,0001LRR9R
141,8,Top,0,1,0,1,2,R,R,L,R,0.788,0.29672955,0.891531,0.103531,0102RLR8R
355,9,Top,1,1,1,1,2,R,L,L,R,0.762,0.66456885,0.781946,0.019946,1112LLR9R
672,9,Top,0,0,0,1,0,L,L,L,L,0.841,0.4209089,0.8654595,0.0244595,0000LLL9L
634,9,Top,1,1,0,1,1,L,L,R,L,0.715,0.7978529,0.7432785,0.0282785,1101LRL9L
681,9,Top,1,0,0,1,1,L,L,L,L,0.829,0.4086286,0.8638215,0.0348215,1001LLL9L
740,9,Top,1,0,1,1,2,L,L,L,R,0.833,0.37974855,0.874472,0.041472,1012LLR9L
217,8,Top,1,0,0,1,0,R,L,R,R,0.664,0.81038075,0.7402895,0.0762895,1000LRR8R
758,8,Top,0,1,1,1,1,L,L,L,R,0.534,1.3737126,0.5254505,-0.0085495,0111LLR8L
689,9,Top,1,0,0,1,2,L,L,L,L,0.924,0.14862925,0.9474615,0.0234615,1002LLL9L
157,9,Top,0,1,0,1,1,R,R,L,L,0.773,0.59118715,0.795893,0.022893,0101RLL9R
663,8,Top,0,0,1,1,1,L,L,R,L,0.632,0.98558835,0.6510135,0.0190135,0011LRL8L
153,9,Top,1,0,0,1,1,R,R,L,L,0.829,0.4123328,0.8605895,0.0315895,1001RLL9R
745,8,Top,1,0,0,1,0,L,L,L,R,0.664,0.8009008,0.747401,0.083401,1000LLR8L
186,8,Top,1,1,0,1,2,R,R,L,L,0.766,0.3845623,0.8709975,0.1049975,1102RLL8R
714,8,Top,1,1,0,1,2,L,L,L,L,0.766,0.3902345,0.86594,0.09994,1102LLL8L
16,9,Top,0,0,0,1,2,R,R,R,R,0.966,0.0617595,0.9780685,0.0120685,0002RRR9R
632,9,Top,0,0,0,1,1,L,L,R,L,0.912,0.2049565,0.9308905,0.0188905,0001LRL9L
690,9,Top,1,1,0,1,2,L,L,L,L,0.859,0.36328015,0.877093,0.018093,1102LLL9L
57,9,Top,1,0,0,1,1,R,R,R,L,0.829,0.43080065,0.8542335,0.0252335,1001RRL9R
61,9,Top,0,1,0,1,1,R,R,R,L,0.773,0.6224528,0.785447,0.012447,0101RRL9R
202,9,Top,1,1,0,1,1,R,L,R,R,0.715,0.81480675,0.739015,0.024015,1101LRR9R
165,9,Top,0,1,0,1,2,R,R,L,L,0.887,0.30598895,0.8897825,0.0027825,0102RLL9R
108,9,Top,1,0,1,1,1,R,R,L,R,0.62,0.99530125,0.6648235,0.0448235,1011RLR9R
216,8,Top,0,0,0,1,0,R,L,R,R,0.753,0.43404125,0.8602785,0.1072785,0000LRR8R
366,8,Top,0,1,1,1,0,R,L,L,R,0.409,2.074969,0.3132735,-0.0957265,0110LLR8R
709,8,Top,0,1,0,1,1,L,L,L,L,0.702,0.56847105,0.802634,0.100634,0101LLL8L
41,8,Top,1,0,0,1,2,R,R,R,R,0.816,0.15250915,0.944945,0.128945,1002RRR8R
540,9,Top,1,0,1,1,1,L,R,L,L,0.62,1.02875005,0.655475,0.035475,1011RLL9L
24,8,Top,0,0,0,1,0,R,R,R,R,0.753,0.4477754,0.854861,0.101861,0000RRR8R
759,8,Top,0,0,1,1,1,L,L,L,R,0.632,0.9757637,0.6552635,0.0232635,0011LLR8L
243,9,Top,1,1,1,1,0,R,L,R,L,0.356,2.30249045,0.3264065,-0.0295935,1110LRL9R
642,9,Top,1,1,0,1,2,L,L,R,L,0.859,0.3929864,0.870594,0.011594,1102LRL9L
198,9,Top,0,1,1,1,0,R,L,R,R,0.39,2.078581,0.3085785,-0.0814215,0110LRR9R
132,8,Top,1,0,1,1,1,R,R,L,R,0.586,1.03094825,0.659888,0.073888,1011RLR8R
686,9,Top,0,1,1,1,1,L,L,L,L,0.552,1.350284,0.527897,-0.024103,0111LLL9L
21,9,Top,0,1,0,1,2,R,R,R,R,0.887,0.28279115,0.8977775,0.0107775,0102RRR9R
96,9,Top,0,0,0,1,0,R,R,L,R,0.841,0.45629085,0.8534415,0.0124415,0000RLR9R
205,9,Top,0,1,0,1,1,R,L,R,R,0.773,0.5922684,0.7953675,0.0223675,0101LRR9R
620,8,Top,1,0,1,1,2,L,L,R,R,0.746,0.3598229,0.8762835,0.1302835,1012LRR8L
46,8,Top,0,1,1,1,2,R,R,R,R,0.718,0.50958875,0.8092805,0.0912805,0112RRR8R
73,8,Top,1,0,0,1,0,R,R,R,L,0.664,0.79650865,0.743223,0.079223,1000RRL8R
133,8,Top,0,1,0,1,1,R,R,L,R,0.702,0.6081674,0.789064,0.087064,0101RLR8R
87,8,Top,0,0,1,1,1,R,R,R,L,0.632,0.98938465,0.6505815,0.0185815,0011RRL8R
190,8,Top,0,1,1,1,2,R,R,L,L,0.718,0.51314385,0.805185,0.087185,0112RLL8R
729,9,Top,1,0,0,1,1,L,L,L,R,0.829,0.4062405,0.8639645,0.0349645,1001LLR9L
171,8,Top,1,1,1,1,0,R,R,L,L,0.371,2.3378013,0.317549,-0.053451,1110RLL8R
170,8,Top,1,1,0,1,0,R,R,L,L,0.534,1.39384835,0.573495,0.039495,1100RLL8R
54,9,Top,0,1,1,1,0,R,R,R,L,0.39,2.077375,0.3066345,-0.0833655,0110RRL9R
595,9,Top,1,1,1,1,2,L,L,R,R,0.762,0.68732685,0.778862,0.016862,1112LRR9L
225,8,Top,1,0,0,1,1,R,L,R,R,0.744,0.4228933,0.857508,0.113508,1001LRR8R
699,8,Top,1,1,1,1,0,L,L,L,L,0.371,2.22446715,0.3376805,-0.0333195,1110LLL8L
753,8,Top,1,0,0,1,1,L,L,L,R,0.744,0.4330821,0.854332,0.110332,1001LLR8L
32,8,Top,0,0,0,1,1,R,R,R,R,0.806,0.22523885,0.923216,0.117216,0001RRR8R
585,9,Top,1,0,0,1,1,L,L,R,R,0.829,0.4251723,0.8576405,0.0286405,1001LRR9L
51,9,Top,1,1,1,1,0,R,R,R,L,0.356,2.2724869,0.3328925,-0.0231075,1110RRL9R
685,9,Top,0,1,0,1,1,L,L,L,L,0.773,0.5940144,0.7965085,0.0235085,0101LLL9L
164,9,Top,1,0,1,1,2,R,R,L,L,0.833,0.3857742,0.871461,0.038461,1012RLL9R
717,8,Top,0,1,0,1,2,L,L,L,L,0.788,0.28748885,0.896042,0.108042,0102LLL8L
696,8,Top,0,0,0,1,0,L,L,L,L,0.753,0.42612555,0.863737,0.110737,0000LLL8L
273,8,Top,1,0,0,1,1,R,L,R,L,0.744,0.43084615,0.8545685,0.1105685,1001LRL8R
730,9,Top,1,1,0,1,1,L,L,L,R,0.715,0.7710819,0.75141,0.03641,1101LLR9L
710,8,Top,0,1,1,1,1,L,L,L,L,0.534,1.3554651,0.528521,-0.005479,0111LLL8L
194,9,Top,1,1,0,1,0,R,L,R,R,0.559,1.3411788,0.586149,0.027149,1100LRR9R
722,9,Top,1,1,0,1,0,L,L,L,R,0.559,1.3301421,0.5898525,0.0308525,1100LLR9L
219,8,Top,1,1,1,1,0,R,L,R,R,0.371,2.2824306,0.3281245,-0.0428755,1110LRR8R
167,9,Top,0,0,1,1,2,R,R,L,L,0.867,0.2872062,0.8970365,0.0300365,0012RLL9R
127,8,Top,0,0,1,1,0,R,R,L,R,0.542,1.3600442,0.538974,-0.003026,0010RLR8R
697,8,Top,1,0,0,1,0,L,L,L,L,0.664,0.74621245,0.7594215,0.0954215,1000LLL8L
114,9,Top,1,1,0,1,2,R,R,L,R,0.859,0.38852175,0.866756,0.007756,1102RLR9R
193,9,Top,1,0,0,1,0,R,L,R,R,0.725,0.7605765,0.7564755,0.0314755,1000LRR9R
643,9,Top,1,1,1,1,2,L,L,R,L,0.762,0.6230749,0.795322,0.033322,1112LRL9L
611,8,Top,1,1,1,1,1,L,L,R,R,0.516,1.45467455,0.55786,0.04186,1111LRR8L
221,8,Top,0,1,0,1,0,R,L,R,R,0.605,1.116847,0.6283235,0.0233235,0100LRR8R
69,9,Top,0,1,0,1,2,R,R,R,L,0.887,0.29159605,0.8946785,0.0076785,0102RRL9R
20,9,Top,1,0,1,1,2,R,R,R,R,0.833,0.3775653,0.871493,0.038493,1012RRR9R
146,9,Top,1,1,0,1,0,R,R,L,L,0.559,1.36200795,0.5813895,0.0223895,1100RLL9R
97,9,Top,1,0,0,1,0,R,R,L,R,0.725,0.76269105,0.7557465,0.0307465,1000RLR9R
705,8,Top,1,0,0,1,1,L,L,L,L,0.744,0.40800925,0.860417,0.116417,1001LLL8L
71,9,Top,0,0,1,1,2,R,R,R,L,0.867,0.29638695,0.8919165,0.0249165,0012RRL9R
596,9,Top,1,0,1,1,2,L,L,R,R,0.833,0.37339945,0.877445,0.044445,1012LRR9L
56,9,Top,0,0,0,1,1,R,R,R,L,0.912,0.21217425,0.928652,0.016652,0001RRL9R
737,9,Top,1,0,0,1,2,L,L,L,R,0.924,0.15149055,0.9467275,0.0227275,1002LLR9L
648,8,Top,0,0,0,1,0,L,L,R,L,0.753,0.418042,0.867066,0.114066,0000LRL8L
761,8,Top,1,0,0,1,2,L,L,L,R,0.816,0.1731267,0.93845,0.12245,1002LLR8L
660,8,Top,1,0,1,1,1,L,L,R,L,0.586,1.01574275,0.66418,0.07818,1011LRL8L
162,9,Top,1,1,0,1,2,R,R,L,L,0.859,0.4308905,0.857675,-0.001325,1102RLL9R
76,8,Top,1,0,1,1,0,R,R,R,L,0.462,1.705904,0.460331,-0.001669,1010RRL8R
665,8,Top,1,0,0,1,2,L,L,R,L,0.816,0.1617438,0.942641,0.126641,1002LRL8L
89,8,Top,1,0,0,1,2,R,R,R,L,0.816,0.16786855,0.93978,0.12378,1002RRL8R
684,9,Top,1,0,1,1,1,L,L,L,L,0.62,1.0128829,0.6619435,0.0419435,1011LLL9L
679,9,Top,0,0,1,1,0,L,L,L,L,0.559,1.34661755,0.5433065,-0.0156935,0010LLL9L
700,8,Top,1,0,1,1,0,L,L,L,L,0.462,1.64392595,0.4738135,0.0118135,1010LLL8L
732,9,Top,1,0,1,1,1,L,L,L,R,0.62,1.0065125,0.664331,0.044331,1011LLR9L
214,9,Top,0,1,1,1,2,R,L,R,R,0.793,0.5014751,0.818861,0.025861,0112LRR9R
93,8,Top,0,1,0,1,2,R,R,R,L,0.788,0.30673365,0.889052,0.101052,0102RRL8R
667,8,Top,1,1,1,1,2,L,L,R,L,0.691,0.6713789,0.7767665,0.0857665,1112LRL8L
677,9,Top,0,1,0,1,0,L,L,L,L,0.644,1.14057645,0.6204775,-0.0235225,0100LLL9L
173,8,Top,0,1,0,1,0,R,R,L,L,0.605,1.15701785,0.6178015,0.0128015,0100RLL8R
66,9,Top,1,1,0,1,2,R,R,R,L,0.859,0.3992274,0.869541,0.010541,1102RRL9R
703,8,Top,0,0,1,1,0,L,L,L,L,0.542,1.3429689,0.544475,0.002475,0010LLL8L
706,8,Top,1,1,0,1,1,L,L,L,L,0.655,0.79512855,0.7421885,0.0871885,1101LLL8L
23,9,Top,0,0,1,1,2,R,R,R,R,0.867,0.28354375,0.899299,0.032299,0012RRR9R
261,9,Top,0,1,0,1,2,R,L,R,L,0.887,0.2851279,0.896996,0.009996,0102LRL9R
107,9,Top,1,1,1,1,1,R,R,L,R,0.537,1.44027285,0.553782,0.016782,1111RLR9R
723,9,Top,1,1,1,1,0,L,L,L,R,0.356,2.31624795,0.321191,-0.034809,1110LLR9L
12,9,Top,1,0,1,1,1,R,R,R,R,0.62,1.0299999,0.659369,0.039369,1011RRR9R
100,9,Top,1,0,1,1,0,R,R,L,R,0.462,1.6426039,0.475064,0.013064,1010RLR9R
619,8,Top,1,1,1,1,2,L,L,R,R,0.691,0.6953123,0.771909,0.080909,1112LRR8L
192,9,Top,0,0,0,1,0,R,L,R,R,0.841,0.422909,0.8637705,0.0227705,0000LRR9R
673,9,Top,1,0,0,1,0,L,L,L,L,0.725,0.73970295,0.7620455,0.0370455,1000LLL9L
676,9,Top,1,0,1,1,0,L,L,L,L,0.462,1.61111735,0.4805565,0.0185565,1010LLL9L
222,8,Top,0,1,1,1,0,R,L,R,R,0.409,2.04143225,0.314989,-0.094011,0110LRR8R
670,8,Top,0,1,1,1,2,L,L,R,L,0.718,0.5313689,0.809092,0.091092,0112LRL8L
612,8,Top,1,0,1,1,1,L,L,R,R,0.586,1.0367961,0.658675,0.072675,1011LRR8L
18,9,Top,1,1,0,1,2,R,R,R,R,0.859,0.3836508,0.870483,0.011483,1102RRR9R
81,8,Top,1,0,0,1,1,R,R,R,L,0.744,0.4292355,0.855361,0.111361,1001RRL8R
39,8,Top,0,0,1,1,1,R,R,R,R,0.632,0.9609802,0.6613745,0.0293745,0011RRR8R
182,8,Top,0,1,1,1,1,R,R,L,L,0.534,1.37854725,0.522395,-0.011605,0111RLL8R
58,9,Top,1,1,0,1,1,R,R,R,L,0.715,0.7787102,0.748126,0.033126,1101RRL9R
118,9,Top,0,1,1,1,2,R,R,L,R,0.793,0.503832,0.816287,0.023287,0112RLR9R
278,8,Top,0,1,1,1,1,R,L,R,L,0.534,1.3568821,0.530262,-0.003738,0111LRL8R
747,8,Top,1,1,1,1,0,L,L,L,R,0.371,2.27496525,0.331874,-0.039126,1110LLR8L
35,8,Top,1,1,1,1,1,R,R,R,R,0.516,1.4078845,0.565369,0.049369,1111RRR8R
8,9,Top,0,0,0,1,1,R,R,R,R,0.912,0.2162533,0.927116,0.015116,0001RRR9R
47,8,Top,0,0,1,1,2,R,R,R,R,0.773,0.2686249,0.902714,0.129714,0012RRR8R
37,8,Top,0,1,0,1,1,R,R,R,R,0.702,0.6066706,0.789521,0.087521,0101RRR8R
715,8,Top,1,1,1,1,2,L,L,L,L,0.691,0.63561605,0.78383,0.09283,1112LLL8L
30,8,Top,0,1,1,1,0,R,R,R,R,0.409,2.0805394,0.3035645,-0.1054355,0110RRR8R
43,8,Top,1,1,1,1,2,R,R,R,R,0.691,0.68049415,0.780943,0.089943,1112RRR8R
11,9,Top,1,1,1,1,1,R,R,R,R,0.537,1.4473058,0.560983,0.023983,1111RRR9R
63,9,Top,0,0,1,1,1,R,R,R,L,0.677,0.99018295,0.649192,-0.027808,0011RRL9R
110,9,Top,0,1,1,1,1,R,R,L,R,0.552,1.3696837,0.5244225,-0.0275775,0111RLR9R
270,8,Top,0,1,1,1,0,R,L,R,L,0.409,2.0692526,0.3162775,-0.0927225,0110LRL8R
687,9,Top,0,0,1,1,1,L,L,L,L,0.677,0.95616685,0.6642215,-0.0127785,0011LLL9L
121,8,Top,1,0,0,1,0,R,R,L,R,0.664,0.7758337,0.752658,0.088658,1000RLR8R
189,8,Top,0,1,0,1,2,R,R,L,L,0.788,0.2825091,0.895361,0.107361,0102RLL8R
138,8,Top,1,1,0,1,2,R,R,L,R,0.766,0.39546635,0.868566,0.102566,1102RLR8R
79,8,Top,0,0,1,1,0,R,R,R,L,0.542,1.3453535,0.544766,0.002766,0010RRL8R
652,8,Top,1,0,1,1,0,L,L,R,L,0.462,1.62204945,0.476071,0.014071,1010LRL8L
50,9,Top,1,1,0,1,0,R,R,R,L,0.559,1.3718506,0.5764745,0.0174745,1100RRL9R
129,8,Top,1,0,0,1,1,R,R,L,R,0.744,0.4162467,0.859,0.115,1001RLR8R
2,9,Top,1,1,0,1,0,R,R,R,R,0.559,1.34486335,0.5852945,0.0262945,1100RRR9R
163,9,Top,1,1,1,1,2,R,R,L,L,0.762,0.64248405,0.791185,0.029185,1112RLL9R
115,9,Top,1,1,1,1,2,R,R,L,R,0.762,0.6688025,0.784567,0.022567,1112RLR9R
42,8,Top,1,1,0,1,2,R,R,R,R,0.766,0.35176315,0.878964,0.112964,1102RRR8R
101,9,Top,0,1,0,1,0,R,R,L,R,0.644,1.11897085,0.6261885,-0.0178115,0100RLR9R
70,9,Top,0,1,1,1,2,R,R,R,L,0.793,0.52785385,0.806235,0.013235,0112RRL9R
31,8,Top,0,0,1,1,0,R,R,R,R,0.542,1.3378291,0.544193,0.002193,0010RRR8R
3,9,Top,1,1,1,1,0,R,R,R,R,0.356,2.28244935,0.327307,-0.028693,1110RRR9R
15,9,Top,0,0,1,1,1,R,R,R,R,0.677,0.9503534,0.6637445,-0.0132555,0011RRR9R
94,8,Top,0,1,1,1,2,R,R,R,L,0.718,0.5107385,0.812108,0.094108,0112RRL8R
0,9,Top,0,0,0,1,0,R,R,R,R,0.841,0.4346847,0.8611005,0.0201005,0000RRR9R
109,9,Top,0,1,0,1,1,R,R,L,R,0.773,0.58274745,0.7970045,0.0240045,0101RLR9R
33,8,Top,1,0,0,1,1,R,R,R,R,0.744,0.4041513,0.863354,0.119354,1001RRR8R
659,8,Top,1,1,1,1,1,L,L,R,L,0.516,1.40490245,0.567363,0.051363,1111LRL8L
34,8,Top,1,1,0,1,1,R,R,R,R,0.655,0.8131435,0.7402425,0.0852425,1101RRR8R
179,8,Top,1,1,1,1,1,R,R,L,L,0.516,1.452653,0.5574365,0.0414365,1111RLL8R
67,9,Top,1,1,1,1,2,R,R,R,L,0.762,0.63947695,0.784184,0.022184,1112RRL9R
707,8,Top,1,1,1,1,1,L,L,L,L,0.516,1.4720694,0.555731,0.039731,1111LLL8L
708,8,Top,1,0,1,1,1,L,L,L,L,0.586,1.0164011,0.662887,0.076887,1011LLL8L
44,8,Top,1,0,1,1,2,R,R,R,R,0.746,0.3623687,0.875618,0.129618,1012RRR8R
19,9,Top,1,1,1,1,2,R,R,R,R,0.762,0.6665448,0.781521,0.019521,1112RRR9R
52,9,Top,1,0,1,1,0,R,R,R,L,0.462,1.6473993,0.47277,0.01077,1010RRL9R
9,9,Top,1,0,0,1,1,R,R,R,R,0.829,0.4192942,0.85758,0.02858,1001RRR9R
29,8,Top,0,1,0,1,0,R,R,R,R,0.605,1.1096594,0.6284955,0.0234955,0100RRR8R
22,9,Top,0,1,1,1,2,R,R,R,R,0.793,0.50659485,0.818367,0.025367,0112RRR9R
99,9,Top,1,1,1,1,0,R,R,L,R,0.356,2.2555902,0.334048,-0.021952,1110RLR9R
755,8,Top,1,1,1,1,1,L,L,L,R,0.516,1.4256196,0.5623925,0.0463925,1111LLR8L
131,8,Top,1,1,1,1,1,R,R,L,R,0.516,1.42870855,0.5643615,0.0483615,1111RLR8R
59,9,Top,1,1,1,1,1,R,R,R,L,0.537,1.3805441,0.571521,0.034521,1111RRL9R
26,8,Top,1,1,0,1,0,R,R,R,R,0.534,1.3225822,0.5915645,0.0575645,1100RRR8R
53,9,Top,0,1,0,1,0,R,R,R,L,0.644,1.12011285,0.624969,-0.019031,0100RRL9R
5,9,Top,0,1,0,1,0,R,R,R,R,0.644,1.1267281,0.623529,-0.020471,0100RRR9R
682,9,Top,1,1,0,1,1,L,L,L,L,0.715,0.71959095,0.7672175,0.0522175,1101LLL9L
85,8,Top,0,1,0,1,1,R,R,R,L,0.702,0.56848115,0.8032325,0.1012325,0101RRL8R
683,9,Top,1,1,1,1,1,L,L,L,L,0.537,1.39035045,0.567818,0.030818,1111LLL9L
38,8,Top,0,1,1,1,1,R,R,R,R,0.534,1.3656683,0.5277425,-0.0062575,0111RRR8R
123,8,Top,1,1,1,1,0,R,R,L,R,0.371,2.28022015,0.331434,-0.039566,1110RLR8R
28,8,Top,1,0,1,1,0,R,R,R,R,0.462,1.6107288,0.482773,0.020773,1010RRR8R
27,8,Top,1,1,1,1,0,R,R,R,R,0.371,2.3100918,0.323988,-0.047012,1110RRR8R
62,9,Top,0,1,1,1,1,R,R,R,L,0.552,1.3511854,0.5310095,-0.0209905,0111RRL9R
82,8,Top,1,1,0,1,1,R,R,R,L,0.655,0.7607407,0.7567345,0.1017345,1101RRL8R
116,9,Top,1,0,1,1,2,R,R,L,R,0.833,0.3476636,0.88269,0.04969,1012RLR9R
218,8,Top,1,1,0,1,0,R,L,R,R,0.534,1.3054057,0.595411,0.061411,1100LRR8R
83,8,Top,1,1,1,1,1,R,R,R,L,0.516,1.39335625,0.571611,0.055611,1111RRL8R
7,9,Top,0,0,1,1,0,R,R,R,R,0.559,1.32122595,0.550175,-0.008825,0010RRR9R
84,8,Top,1,0,1,1,1,R,R,R,L,0.586,1.0108507,0.662642,0.076642,1011RRL8R
60,9,Top,1,0,1,1,1,R,R,R,L,0.62,1.0079715,0.6627945,0.0427945,1011RRL9R
155,9,Top,1,1,1,1,1,R,R,L,L,0.537,1.4021254,0.570707,0.033707,1111RLL9R
746,8,Top,1,1,0,1,0,L,L,L,R,0.534,1.342277,0.5908,0.0568,1100LLR8L
6,9,Top,0,1,1,1,0,R,R,R,R,0.39,2.0366135,0.317088,-0.072912,0110RRR9R
13,9,Top,0,1,0,1,1,R,R,R,R,0.773,0.58486175,0.7988135,0.0258135,0101RRR9R
731,9,Top,1,1,1,1,1,L,L,L,R,0.537,1.4301897,0.560849,0.023849,1111LLR9L
86,8,Top,0,1,1,1,1,R,R,R,L,0.534,1.3388418,0.5371655,0.0031655,0111RRL8R
91,8,Top,1,1,1,1,2,R,R,R,L,0.691,0.62730165,0.7920825,0.1010825,1112RRL8R
75,8,Top,1,1,1,1,0,R,R,R,L,0.371,2.2419294,0.3377605,-0.0332395,1110RRL8R
36,8,Top,1,0,1,1,1,R,R,R,R,0.586,0.99250425,0.667061,0.081061,1011RRR8R
74,8,Top,1,1,0,1,0,R,R,R,L,0.534,1.316666,0.5925435,0.0585435,1100RRL8R
1,9,Top,1,0,0,1,0,R,R,R,R,0.725,0.73885065,0.761776,0.036776,1000RRR9R
4,9,Top,1,0,1,1,0,R,R,R,R,0.462,1.651583,0.474408,0.012408,1010RRR9R
142,8,Top,0,1,1,1,2,R,R,L,R,0.718,0.49034645,0.821438,0.103438,0112RLR8R
90,8,Top,1,1,0,1,2,R,R,R,L,0.766,0.3486219,0.882141,0.116141,1102RRL8R
14,9,Top,0,1,1,1,1,R,R,R,R,0.552,1.3459765,0.527428,-0.024572,0111RRR9R
25,8,Top,1,0,0,1,0,R,R,R,R,0.664,0.74400165,0.7608615,0.0968615,1000RRR8R
